customer_id,age,plan,tenure_months,monthly_spend,support_tickets,churned
C0001,44,basic,41,16.77,0,0
C0002,75,standard,7,24.47,3,0
C0003,22,premium,60,56.64,3,0
C0004,47,basic,2,19.21,0,0
C0005,33,standard,60,29.2,6,0
C0006,64,standard,70,39.0,0,1
C0007,32,basic,70,18.65,3,0
C0008,18,premium,49,56.22,2,1
C0009,33,standard,54,32.29,0,0
C0010,23,standard,6,43.02,4,1
C0011,41,standard,59,44.35,0,0
C0012,70,basic,51,11.86,2,0
C0013,33,premium,38,41.51,1,0
C0014,65,standard,42,27.94,0,1
C0015,67,basic,14,13.88,0,1
C0016,52,basic,46,34.11,0,0
C0017,25,basic,12,13.93,2,1
C0018,20,standard,28,40.89,1,1
C0019,40,basic,51,22.83,2,1
C0020,19,premium,52,56.36,2,0
C0021,24,basic,18,13.03,0,0
C0022,30,basic,52,19.3,2,0
C0023,34,standard,10,20.54,0,0
C0024,26,basic,12,32.62,3,1
C0025,47,basic,7,14.19,2,1
C0026,19,basic,49,27.07,0,1
C0027,35,basic,58,32.08,0,0
C0028,36,basic,64,20.29,2,1
C0029,26,basic,54,14.98,4,1
C0030,69,standard,70,39.86,7,0
C0031,52,basic,63,18.59,2,0
C0032,19,basic,41,24.92,0,0
C0033,69,basic,61,23.23,3,0
C0034,24,premium,32,51.41,0,0
C0035,21,premium,29,49.38,7,1
C0036,72,premium,23,39.39,2,0
C0037,55,standard,4,37.58,1,1
C0038,30,basic,64,23.54,0,1
C0039,56,basic,29,10.49,1,1
C0040,69,standard,17,28.51,0,0
C0041,21,premium,3,38.68,2,1
C0042,51,basic,47,34.0,1,0
C0043,24,basic,44,17.53,0,1
C0044,68,premium,63,51.22,0,0
C0045,57,standard,46,25.57,2,1
C0046,62,basic,38,13.17,2,0
C0047,43,premium,5,39.54,1,0
C0048,58,standard,14,43.41,0,0
C0049,38,basic,22,25.89,6,1
C0050,64,standard,43,31.16,0,0
C0051,34,basic,14,28.0,0,1
C0052,28,basic,53,22.32,1,0
C0053,48,basic,29,14.06,0,0
C0054,38,basic,34,33.78,0,1
C0055,64,basic,10,23.67,4,1
C0056,57,standard,62,37.6,1,0
C0057,45,standard,21,21.33,1,0
C0058,53,basic,70,16.62,0,0
C0059,54,basic,71,30.99,0,0
C0060,36,basic,62,14.98,0,0
C0061,23,basic,61,31.08,1,0
C0062,60,basic,34,12.27,1,1
C0063,41,premium,24,46.13,0,0
C0064,35,basic,8,13.77,2,1
C0065,69,standard,70,30.34,3,0
C0066,42,basic,67,20.46,1,0
C0067,74,basic,31,21.9,0,0
C0068,50,standard,67,40.0,2,0
C0069,66,basic,58,14.31,7,0
C0070,26,standard,6,30.57,7,1
C0071,58,premium,19,55.84,0,0
C0072,22,premium,12,44.69,1,1
C0073,47,basic,2,29.65,2,1
C0074,44,basic,20,13.69,2,1
C0075,24,premium,13,54.63,4,0
C0076,34,premium,50,51.36,2,0
C0077,43,basic,19,25.45,2,1
C0078,74,basic,43,27.25,0,0
C0079,41,basic,3,18.44,3,1
C0080,72,standard,13,44.3,0,1
C0081,67,standard,42,26.73,1,0
C0082,31,basic,53,28.51,3,0
C0083,50,standard,21,21.63,2,1
C0084,51,standard,4,24.33,4,1
C0085,20,basic,59,11.25,1,1
C0086,47,basic,65,19.91,5,0
C0087,49,basic,58,14.43,4,0
C0088,28,basic,34,28.71,2,1
C0089,28,basic,28,31.42,2,1
C0090,44,basic,66,10.49,3,0
C0091,26,basic,23,25.02,0,1
C0092,37,standard,36,30.59,1,1
C0093,47,basic,39,26.92,3,1
C0094,50,basic,48,24.03,2,1
C0095,48,standard,9,28.4,0,1
C0096,59,basic,39,14.7,1,1
C0097,72,basic,52,26.5,2,0
C0098,36,standard,34,42.66,1,0
C0099,54,standard,25,28.57,2,0
C0100,48,standard,46,32.67,3,0
C0101,29,premium,38,37.43,0,0
C0102,66,standard,24,43.66,4,1
C0103,32,basic,40,20.5,4,1
C0104,47,standard,16,31.75,4,1
C0105,22,premium,61,57.23,1,0
C0106,37,basic,53,11.34,4,1
C0107,44,basic,59,13.57,4,1
C0108,39,basic,23,17.83,0,1
C0109,67,basic,22,24.4,0,0
C0110,26,standard,56,35.83,1,0
C0111,20,basic,69,14.98,1,1
C0112,71,basic,68,14.75,2,0
C0113,62,basic,45,17.79,0,0
C0114,22,basic,6,17.45,0,0
C0115,39,standard,56,42.19,7,1
C0116,40,premium,25,39.11,4,0
C0117,32,basic,17,15.27,0,1
C0118,63,basic,5,19.37,2,1
C0119,56,standard,7,36.54,2,1
C0120,44,standard,57,29.5,1,0
C0121,62,basic,2,17.52,2,1
C0122,56,basic,18,20.46,4,1
C0123,36,standard,15,39.61,1,0
C0124,71,standard,67,44.32,1,0
C0125,53,basic,64,32.75,2,0
C0126,18,basic,12,32.66,3,1
C0127,23,basic,66,11.87,2,0
C0128,47,standard,38,26.59,0,0
C0129,72,premium,38,44.0,2,0
C0130,72,basic,6,10.23,0,0
C0131,75,basic,57,33.87,0,0
C0132,39,basic,24,12.84,1,1
C0133,62,standard,62,39.99,2,0
C0134,62,basic,8,34.53,3,1
C0135,48,premium,57,39.52,1,0
C0136,61,basic,17,22.07,1,0
C0137,22,basic,34,26.36,0,0
C0138,65,standard,29,44.44,2,1
C0139,62,standard,13,30.81,2,1
C0140,59,standard,50,23.71,3,0
C0141,18,standard,21,32.63,1,1
C0142,66,basic,63,18.01,1,0
C0143,53,standard,49,30.07,0,0
C0144,46,standard,12,41.4,1,1
C0145,59,basic,3,12.56,1,1
C0146,23,basic,39,32.24,2,0
C0147,39,basic,47,30.62,3,0
C0148,67,basic,61,27.91,1,0
C0149,60,basic,29,10.04,1,0
C0150,53,standard,67,29.34,0,0
C0151,70,basic,53,12.66,2,1
C0152,43,premium,28,46.42,3,0
C0153,44,basic,6,33.16,3,1
C0154,46,standard,59,36.45,5,1
C0155,51,basic,7,23.82,1,1
C0156,67,premium,23,52.29,0,0
C0157,60,basic,42,22.59,1,0
C0158,66,premium,32,41.83,6,0
C0159,26,basic,18,20.31,2,1
C0160,62,basic,71,31.51,2,0
C0161,30,standard,27,35.59,0,0
C0162,63,standard,23,32.59,2,1
C0163,40,basic,72,22.0,2,0
C0164,65,basic,69,17.14,3,0
C0165,19,standard,49,23.62,2,1
C0166,28,standard,37,37.07,0,1
C0167,31,standard,70,20.8,3,1
C0168,65,premium,72,56.61,3,0
C0169,68,basic,37,27.31,0,0
C0170,68,basic,41,34.14,0,0
C0171,73,basic,57,30.74,4,0
C0172,66,standard,70,38.45,0,0
C0173,46,basic,23,34.58,0,0
C0174,25,standard,49,21.01,0,0
C0175,72,basic,33,10.13,1,0
C0176,38,basic,7,29.33,2,1
C0177,68,basic,71,18.94,3,0
C0178,29,basic,67,11.69,1,0
C0179,23,standard,45,25.52,0,0
C0180,31,basic,68,21.86,2,0
C0181,25,standard,45,31.13,4,1
C0182,20,standard,42,29.52,3,1
C0183,64,basic,37,10.61,1,0
C0184,50,standard,58,32.16,0,0
C0185,23,basic,13,14.17,5,1
C0186,22,basic,27,26.75,3,0
C0187,24,basic,27,23.43,2,0
C0188,59,standard,10,38.66,0,1
C0189,23,basic,10,11.35,3,1
C0190,32,standard,34,30.18,1,0
C0191,42,basic,16,23.36,2,1
C0192,55,standard,6,37.51,0,0
C0193,68,basic,39,25.15,0,0
C0194,70,basic,4,21.84,1,1
C0195,69,basic,70,17.36,2,0
C0196,68,premium,48,58.92,0,0
C0197,20,basic,1,24.31,1,1
C0198,31,basic,45,15.28,4,0
C0199,29,basic,29,25.41,0,1
C0200,54,standard,7,41.27,5,0
C0201,53,basic,10,17.26,0,1
C0202,49,standard,43,28.92,2,1
C0203,22,basic,25,17.93,1,1
C0204,55,basic,20,24.13,1,1
C0205,18,basic,41,16.14,0,0
C0206,71,basic,47,13.35,3,0
C0207,40,basic,40,22.16,0,0
C0208,35,basic,18,32.27,0,0
C0209,64,standard,10,42.29,3,1
C0210,55,standard,52,39.22,0,1
C0211,75,basic,70,21.79,3,0
C0212,67,basic,38,13.34,1,1
C0213,18,basic,31,31.19,3,1
C0214,50,basic,18,21.15,0,0
C0215,27,standard,62,43.47,0,0
C0216,34,basic,48,15.84,2,0
C0217,42,standard,61,42.94,4,1
C0218,24,standard,67,35.83,0,0
C0219,54,standard,23,29.41,1,0
C0220,22,premium,67,41.28,6,1
C0221,70,basic,45,22.16,1,0
C0222,26,standard,57,24.13,0,0
C0223,29,basic,21,19.05,2,1
C0224,69,basic,43,28.0,1,0
C0225,28,basic,53,10.55,0,0
C0226,58,basic,66,10.97,2,1
C0227,29,basic,67,33.95,2,0
C0228,64,basic,37,33.67,0,0
C0229,48,basic,22,15.47,1,1
C0230,67,standard,24,35.57,1,1
C0231,47,standard,9,25.74,1,1
C0232,73,basic,65,27.1,3,0
C0233,75,basic,5,31.93,1,0
C0234,60,basic,17,32.54,1,1
C0235,61,premium,56,48.04,1,1
C0236,32,standard,62,39.73,1,0
C0237,66,standard,13,30.63,0,0
C0238,23,premium,37,49.95,1,0
C0239,65,basic,1,24.44,0,1
C0240,62,standard,41,30.21,0,0
C0241,34,standard,69,30.58,1,0
C0242,66,standard,27,30.32,3,1
C0243,53,basic,62,16.33,1,0
C0244,65,standard,18,41.36,2,0
C0245,62,basic,21,12.5,1,0
C0246,57,standard,7,24.01,6,1
C0247,27,basic,61,33.14,1,1
C0248,23,basic,5,28.1,5,1
C0249,36,standard,8,43.63,3,1
C0250,30,basic,67,17.14,0,0
C0251,32,standard,22,36.84,1,0
C0252,23,premium,36,54.48,1,0
C0253,51,standard,2,38.41,0,1
C0254,71,basic,72,32.87,1,0
C0255,56,basic,25,21.36,1,1
C0256,50,basic,14,23.96,1,1
C0257,50,basic,33,31.89,3,1
C0258,42,standard,62,39.24,3,0
C0259,47,basic,4,22.04,0,1
C0260,32,standard,30,39.99,1,1
C0261,62,standard,34,26.2,0,0
C0262,22,standard,71,43.27,1,0
C0263,35,premium,24,58.67,2,0
C0264,30,basic,31,28.38,4,1
C0265,33,basic,46,13.89,0,0
C0266,60,standard,64,35.34,3,0
C0267,48,basic,48,25.51,1,0
C0268,73,premium,36,47.26,7,0
C0269,32,basic,17,11.34,3,1
C0270,50,standard,45,29.83,2,1
C0271,62,premium,67,46.49,2,1
C0272,55,basic,13,18.13,2,1
C0273,33,standard,35,31.77,2,1
C0274,31,basic,54,27.51,1,0
C0275,29,basic,17,34.47,2,0
C0276,69,standard,31,33.87,4,1
C0277,65,standard,20,31.81,0,0
C0278,75,basic,67,23.34,1,0
C0279,72,basic,7,19.95,2,1
C0280,48,standard,13,31.24,1,1
C0281,69,standard,33,28.59,1,0
C0282,56,standard,26,34.41,2,1
C0283,36,premium,46,43.12,1,0
C0284,23,basic,49,25.33,1,0
C0285,58,premium,44,45.54,2,0
C0286,23,premium,21,43.58,1,0
C0287,56,standard,51,26.77,1,0
C0288,55,basic,67,34.13,1,0
C0289,64,basic,31,26.54,5,1
C0290,28,basic,51,12.57,0,0
C0291,19,standard,51,33.09,7,1
C0292,23,standard,50,27.72,0,0
C0293,26,standard,68,40.95,0,0
C0294,38,premium,61,46.67,4,0
C0295,26,standard,70,24.42,2,0
C0296,54,standard,56,33.08,2,0
C0297,52,basic,30,30.11,1,1
C0298,37,basic,2,9.99,3,1
C0299,48,basic,69,10.2,5,0
C0300,18,basic,56,29.94,2,0
C0301,30,standard,53,42.04,1,0
C0302,59,standard,50,40.7,0,1
C0303,51,standard,35,27.11,3,0
C0304,72,basic,9,14.55,0,0
C0305,35,standard,63,24.68,0,1
C0306,29,standard,14,27.04,0,1
C0307,23,basic,20,10.36,0,1
C0308,49,standard,48,31.58,3,1
C0309,27,standard,8,26.65,1,1
C0310,75,basic,33,30.42,3,1
C0311,33,standard,50,39.27,1,0
C0312,47,basic,13,23.02,7,1
C0313,37,standard,42,23.96,2,0
C0314,25,standard,33,32.02,0,0
C0315,60,basic,28,34.32,0,0
C0316,68,basic,36,24.61,1,1
C0317,55,premium,61,52.2,0,0
C0318,49,basic,12,27.14,1,0
C0319,21,standard,8,28.88,0,1
C0320,49,basic,30,17.91,2,1
C0321,75,basic,57,28.32,0,0
C0322,34,standard,6,32.12,1,1
C0323,30,standard,24,33.58,1,1
C0324,56,premium,71,39.0,1,0
C0325,52,standard,47,31.34,3,0
C0326,74,standard,3,35.48,1,1
C0327,22,basic,69,30.47,0,0
C0328,27,standard,37,28.06,2,1
C0329,22,standard,6,40.87,0,0
C0330,49,basic,25,12.46,2,0
C0331,51,standard,33,21.22,0,0
C0332,31,basic,63,33.2,3,0
C0333,41,standard,72,38.58,4,0
C0334,21,standard,35,33.22,3,0
C0335,31,basic,67,12.42,2,0
C0336,51,basic,32,24.24,5,1
C0337,65,standard,14,39.15,2,1
C0338,45,standard,14,24.16,0,1
C0339,28,basic,69,34.95,1,0
C0340,38,basic,48,20.3,2,0
C0341,33,basic,70,15.34,3,0
C0342,46,basic,58,33.99,0,1
C0343,19,basic,67,13.37,4,1
C0344,31,premium,41,35.53,3,0
C0345,53,basic,66,23.9,5,1
C0346,40,basic,20,13.45,1,1
C0347,69,basic,39,12.29,1,0
C0348,64,standard,42,39.81,0,0
C0349,54,standard,13,34.87,1,0
C0350,23,standard,8,43.04,1,0
C0351,73,basic,16,31.73,0,0
C0352,18,standard,49,21.34,1,0
C0353,38,standard,65,37.43,0,0
C0354,46,premium,65,37.24,1,0
C0355,39,basic,11,21.89,3,1
C0356,43,basic,65,20.85,2,0
C0357,30,basic,63,19.87,2,0
C0358,51,premium,32,41.05,0,0
C0359,54,standard,12,22.8,1,1
C0360,40,basic,4,29.23,0,1
C0361,69,standard,57,35.57,1,0
C0362,61,basic,48,13.89,2,1
C0363,33,standard,19,41.71,3,1
C0364,25,standard,40,31.24,0,1
C0365,31,standard,70,33.07,0,0
C0366,27,standard,3,29.41,4,1
C0367,21,basic,37,15.01,2,1
C0368,18,basic,9,19.71,0,0
C0369,73,standard,14,20.47,4,1
C0370,42,basic,66,34.41,0,0
C0371,52,premium,12,39.65,1,0
C0372,19,premium,6,41.17,1,1
C0373,28,basic,3,18.66,1,1
C0374,50,basic,36,30.29,2,0
C0375,70,premium,4,58.59,5,1
C0376,43,basic,18,12.18,1,0
C0377,58,standard,30,30.42,2,1
C0378,56,basic,43,21.22,0,0
C0379,61,standard,26,41.55,1,0
C0380,26,standard,56,44.88,6,1
C0381,28,premium,41,36.69,1,0
C0382,71,basic,19,28.17,3,0
C0383,44,basic,39,21.07,5,0
C0384,35,premium,20,54.47,0,1
C0385,57,standard,35,35.13,2,0
C0386,19,basic,46,11.98,3,1
C0387,48,standard,48,24.59,1,0
C0388,32,basic,5,20.2,6,1
C0389,32,premium,26,53.93,0,0
C0390,73,premium,63,52.19,4,0
C0391,67,basic,6,25.19,3,1
C0392,65,basic,69,23.12,4,0
C0393,46,standard,59,40.67,0,0
C0394,43,standard,6,33.93,1,1
C0395,36,basic,57,19.94,1,0
C0396,45,basic,38,25.32,0,0
C0397,71,basic,58,12.25,1,0
C0398,75,standard,70,23.37,1,0
C0399,55,basic,26,32.05,0,1
C0400,63,standard,21,37.95,0,1
C0401,41,basic,11,23.09,1,0
C0402,28,standard,49,33.75,0,0
C0403,73,basic,20,14.04,0,0
C0404,37,basic,40,28.24,6,1
C0405,75,basic,17,34.0,0,0
C0406,49,basic,64,23.58,0,0
C0407,55,basic,61,21.33,1,0
C0408,74,basic,71,16.94,2,0
C0409,29,basic,19,11.37,1,1
C0410,54,basic,39,18.27,0,1
C0411,28,premium,37,50.27,2,0
C0412,29,standard,59,38.72,1,1
C0413,38,standard,48,42.43,3,0
C0414,22,standard,38,31.76,0,0
C0415,44,basic,68,15.24,0,1
C0416,58,standard,68,44.67,1,0
C0417,63,premium,37,45.67,3,1
C0418,57,standard,46,43.17,2,0
C0419,49,standard,64,40.19,4,1
C0420,30,basic,1,12.95,1,1
C0421,31,standard,54,30.34,1,0
C0422,18,standard,26,37.24,0,1
C0423,53,basic,42,29.17,0,0
C0424,54,basic,4,30.79,0,0
C0425,48,premium,61,54.92,2,0
C0426,75,standard,69,42.39,1,0
C0427,21,premium,67,42.47,2,0
C0428,31,standard,43,39.98,4,1
C0429,35,premium,4,43.47,1,1
C0430,56,basic,50,14.67,0,0
C0431,72,basic,41,27.74,0,1
C0432,41,premium,58,55.73,1,0
C0433,41,basic,5,29.43,4,1
C0434,48,basic,65,13.84,1,0
C0435,37,premium,42,38.57,4,0
C0436,61,premium,17,40.12,0,0
C0437,25,premium,1,42.76,0,0
C0438,39,premium,60,57.22,0,0
C0439,19,standard,40,35.96,0,1
C0440,52,basic,41,29.31,2,1
C0441,25,basic,2,33.95,2,1
C0442,53,standard,41,26.77,5,0
C0443,28,standard,10,27.77,4,1
C0444,19,basic,61,32.57,0,0
C0445,43,basic,23,27.61,4,1
C0446,46,standard,46,27.8,3,0
C0447,52,standard,11,44.33,3,1
C0448,70,basic,60,12.42,1,0
C0449,48,standard,30,43.68,0,0
C0450,41,basic,51,14.57,4,1
C0451,38,premium,59,47.18,0,0
C0452,72,basic,22,17.05,1,0
C0453,43,standard,14,28.14,2,0
C0454,43,standard,53,25.95,0,0
C0455,22,basic,44,15.2,2,1
C0456,54,premium,44,48.6,0,0
C0457,63,basic,63,12.85,2,0
C0458,46,basic,23,17.69,1,1
C0459,56,standard,49,28.18,2,1
C0460,26,basic,1,28.92,2,1
C0461,57,basic,58,14.88,2,0
C0462,61,standard,39,42.95,5,1
C0463,23,premium,2,50.28,1,0
C0464,21,premium,48,57.52,6,1
C0465,40,standard,15,41.52,4,1
C0466,43,standard,41,37.78,1,0
C0467,29,basic,61,13.47,2,0
C0468,44,basic,20,17.2,4,1
C0469,59,basic,3,13.59,4,1
C0470,26,premium,11,38.42,3,0
C0471,62,premium,55,50.57,1,0
C0472,42,standard,46,25.63,1,1
C0473,64,basic,31,27.79,0,0
C0474,20,standard,5,34.19,2,1
C0475,62,basic,11,13.54,3,0
C0476,67,premium,36,46.61,0,0
C0477,48,basic,10,27.09,1,1
C0478,75,standard,44,33.37,0,0
C0479,54,premium,43,45.52,6,0
C0480,20,basic,39,28.16,2,1
C0481,28,basic,7,26.4,0,0
C0482,49,basic,11,13.16,0,0
C0483,57,basic,36,16.87,0,0
C0484,55,standard,20,36.47,1,1
C0485,33,standard,63,24.51,1,1
C0486,27,premium,20,55.93,3,1
C0487,60,basic,57,28.14,0,0
C0488,21,standard,34,38.88,0,1
C0489,37,basic,61,28.64,3,0
C0490,63,basic,50,21.85,0,0
C0491,69,basic,58,19.54,1,0
C0492,24,premium,69,50.93,5,0
C0493,72,premium,35,43.36,0,1
C0494,43,standard,60,39.32,3,0
C0495,30,standard,67,28.43,2,0
C0496,61,standard,2,40.78,0,1
C0497,46,basic,45,15.48,0,1
C0498,23,basic,8,33.45,2,1
C0499,58,premium,16,52.69,0,0
C0500,60,basic,24,32.39,2,1
C0501,22,basic,59,33.06,0,0
C0502,67,premium,42,41.42,3,1
C0503,42,basic,43,34.89,0,0
C0504,22,basic,63,34.48,0,0
C0505,24,standard,19,33.51,1,0
C0506,46,basic,34,12.57,0,0
C0507,46,basic,3,32.4,0,1
C0508,60,premium,50,41.65,2,0
C0509,50,standard,63,31.94,1,0
C0510,22,standard,70,25.64,1,0
C0511,25,standard,69,43.37,1,0
C0512,58,basic,12,19.12,4,1
C0513,66,standard,38,36.18,0,1
C0514,30,basic,39,27.39,4,1
C0515,23,basic,57,28.37,0,0
C0516,55,standard,31,32.22,0,0
C0517,52,basic,58,34.15,0,0
C0518,64,basic,6,20.13,0,0
C0519,61,standard,69,23.71,2,0
C0520,27,basic,63,26.34,1,0
C0521,62,basic,17,10.35,2,0
C0522,24,standard,59,35.27,3,1
C0523,25,standard,64,34.86,2,1
C0524,39,basic,52,18.1,6,1
C0525,71,basic,28,29.1,2,1
C0526,27,basic,54,14.19,1,1
C0527,55,basic,6,13.32,3,1
C0528,28,basic,3,31.98,0,1
C0529,63,premium,37,45.4,3,0
C0530,31,standard,19,35.99,1,1
C0531,57,premium,5,49.9,2,1
C0532,70,basic,39,18.69,0,1
C0533,51,basic,13,25.46,4,0
C0534,47,standard,27,26.9,0,0
C0535,48,standard,64,24.4,2,1
C0536,36,standard,27,30.86,1,0
C0537,20,standard,14,38.5,5,1
C0538,49,standard,66,22.89,4,0
C0539,38,standard,54,24.96,2,0
C0540,38,standard,30,22.44,3,0
C0541,32,basic,10,21.76,1,0
C0542,57,basic,59,14.44,1,0
C0543,40,basic,35,15.05,0,0
C0544,26,basic,15,31.28,1,1
C0545,74,basic,38,25.08,3,0
C0546,28,standard,71,41.37,0,0
C0547,31,basic,61,30.91,0,0
C0548,33,standard,32,28.17,2,0
C0549,27,standard,1,30.43,0,0
C0550,50,standard,5,30.63,1,0
C0551,24,standard,58,32.37,0,0
C0552,44,standard,28,23.31,0,0
C0553,48,basic,40,14.04,1,0
C0554,47,standard,60,39.29,4,1
C0555,41,standard,60,37.59,0,0
C0556,62,basic,43,23.26,0,0
C0557,57,standard,70,34.37,0,0
C0558,39,standard,8,32.86,4,1
C0559,42,basic,47,21.62,0,0
C0560,63,standard,9,34.01,3,1
C0561,52,basic,15,26.22,3,1
C0562,62,premium,27,53.82,3,1
C0563,50,premium,55,41.92,0,0
C0564,51,basic,16,21.74,1,0
C0565,46,premium,48,54.99,5,0
C0566,22,premium,25,57.29,1,1
C0567,36,premium,10,37.72,0,0
C0568,73,basic,27,23.01,2,1
C0569,52,premium,17,46.84,1,0
C0570,30,basic,9,10.54,3,1
C0571,39,standard,53,34.46,2,0
C0572,60,basic,68,31.04,1,0
C0573,68,basic,40,14.28,0,0
C0574,67,premium,7,38.7,0,0
C0575,28,standard,69,27.12,6,0
C0576,60,standard,20,24.02,0,0
C0577,46,standard,34,29.23,0,0
C0578,40,standard,19,29.31,1,1
C0579,19,basic,52,33.27,3,0
C0580,27,premium,1,59.24,1,1
C0581,36,standard,61,42.39,6,0
C0582,60,premium,19,54.98,2,0
C0583,25,basic,62,32.49,0,0
C0584,43,basic,29,21.14,0,1
C0585,55,standard,68,25.54,5,1
C0586,52,basic,58,26.92,5,0
C0587,49,basic,41,25.07,1,1
C0588,43,standard,19,37.89,1,1
C0589,40,basic,45,17.69,1,0
C0590,74,basic,57,28.53,1,0
C0591,64,basic,55,28.21,1,0
C0592,27,standard,27,27.57,7,1
C0593,55,basic,49,12.2,1,0
C0594,53,basic,60,27.75,3,1
C0595,42,basic,38,23.84,0,0
C0596,37,standard,64,33.97,1,1
C0597,34,basic,39,33.89,3,1
C0598,75,standard,37,30.42,1,0
C0599,25,basic,36,22.32,6,1
C0600,48,basic,56,31.7,2,0
C0601,25,standard,48,32.8,2,0
C0602,21,basic,19,17.98,4,1
C0603,35,basic,47,20.48,4,1
C0604,51,basic,10,22.84,3,1
C0605,66,basic,22,23.58,4,1
C0606,37,standard,35,37.13,2,1
C0607,70,standard,19,20.31,1,1
C0608,39,basic,21,12.55,0,1
C0609,75,basic,72,25.33,3,0
C0610,53,standard,15,30.42,4,1
C0611,19,basic,62,18.7,2,1
C0612,56,basic,67,29.08,1,0
C0613,70,basic,16,15.55,4,1
C0614,26,basic,27,13.25,0,0
C0615,22,standard,3,39.36,3,1
C0616,68,basic,66,24.82,1,0
C0617,37,basic,2,28.85,3,1
C0618,75,basic,26,14.61,1,1
C0619,35,standard,45,28.8,4,0
C0620,50,standard,9,22.47,2,1
C0621,30,basic,37,14.28,3,1
C0622,31,standard,65,41.27,1,0
C0623,61,basic,14,14.51,1,1
C0624,32,basic,53,12.81,7,1
C0625,26,basic,64,29.05,2,0
C0626,38,basic,64,12.88,0,0
C0627,71,basic,57,15.64,1,0
C0628,72,basic,9,32.36,3,0
C0629,18,basic,63,26.79,1,0
C0630,25,standard,19,29.86,2,0
C0631,75,standard,22,21.61,6,1
C0632,43,standard,16,25.81,1,1
C0633,67,standard,35,38.9,3,0
C0634,60,basic,52,34.68,1,1
C0635,25,basic,33,22.22,0,0
C0636,65,basic,7,30.75,1,1
C0637,56,basic,42,13.81,2,1
C0638,66,basic,67,29.18,3,1
C0639,49,standard,65,26.53,1,0
C0640,66,standard,5,44.76,4,1
C0641,72,basic,49,21.05,0,0
C0642,67,standard,39,42.11,0,0
C0643,42,basic,63,29.09,2,0
C0644,52,standard,61,31.89,4,0
C0645,49,basic,49,25.41,1,0
C0646,19,basic,6,13.19,1,1
C0647,66,standard,44,29.5,1,0
C0648,21,basic,32,16.18,2,1
C0649,22,premium,40,37.85,0,0
C0650,60,basic,55,24.19,4,1
C0651,55,standard,3,44.63,1,1
C0652,69,standard,63,22.49,2,0
C0653,66,standard,44,24.16,0,0
C0654,58,basic,10,31.0,1,1
C0655,54,basic,52,30.11,2,0
C0656,55,standard,13,34.79,0,0
C0657,45,standard,27,28.67,0,0
C0658,37,standard,56,36.58,1,0
C0659,50,basic,59,26.78,1,0
C0660,51,standard,24,34.41,0,0
C0661,47,standard,35,43.42,1,0
C0662,45,standard,8,33.05,1,1
C0663,61,basic,39,31.09,1,0
C0664,58,premium,27,56.14,0,0
C0665,61,basic,31,20.14,0,1
C0666,70,basic,40,21.59,2,1
C0667,20,standard,26,23.97,0,1
C0668,60,standard,71,24.39,4,0
C0669,19,basic,8,31.48,0,1
C0670,75,premium,53,57.41,2,0
C0671,71,basic,18,15.89,2,1
C0672,60,basic,68,16.29,4,1
C0673,69,basic,41,18.22,2,1
C0674,33,standard,55,25.44,0,0
C0675,44,basic,33,31.56,0,0
C0676,25,standard,41,33.63,1,1
C0677,68,basic,19,19.06,2,0
C0678,75,basic,5,31.03,2,0
C0679,68,standard,31,26.31,1,0
C0680,75,standard,16,33.36,0,0
C0681,43,basic,33,17.51,5,1
C0682,73,basic,21,32.89,2,0
C0683,44,standard,5,26.84,0,0
C0684,65,basic,53,33.15,1,0
C0685,24,premium,21,52.45,1,1
C0686,70,standard,71,38.43,1,1
C0687,59,basic,24,25.74,3,1
C0688,58,basic,40,17.83,0,1
C0689,67,standard,17,41.16,2,0
C0690,48,basic,18,16.51,2,0
C0691,30,standard,11,30.35,0,0
C0692,74,premium,29,35.51,0,0
C0693,32,standard,12,44.34,0,0
C0694,43,basic,55,25.0,0,0
C0695,54,basic,16,10.34,1,0
C0696,70,premium,64,37.95,2,0
C0697,68,premium,35,42.19,1,1
C0698,56,premium,28,59.87,0,0
C0699,44,basic,19,10.71,6,1
C0700,33,basic,48,24.56,2,1
C0701,73,basic,42,34.35,1,1
C0702,45,basic,33,11.82,2,1
C0703,48,premium,46,59.91,5,0
C0704,65,standard,6,20.12,1,1
C0705,60,premium,48,38.3,4,1
C0706,28,basic,65,22.31,1,0
C0707,63,basic,68,20.81,0,0
C0708,49,premium,36,53.69,5,1
C0709,57,premium,34,47.91,1,1
C0710,49,standard,20,33.88,5,1
C0711,30,basic,20,11.35,0,1
C0712,47,basic,56,12.89,4,1
C0713,63,basic,72,22.12,1,0
C0714,25,premium,45,37.33,4,1
C0715,50,basic,35,24.07,2,1
C0716,18,premium,68,54.16,0,0
C0717,49,basic,13,32.17,0,0
C0718,43,standard,48,34.75,5,0
C0719,23,basic,59,30.76,2,0
C0720,56,premium,1,43.23,0,0
C0721,64,basic,17,15.27,0,0
C0722,21,basic,10,23.67,2,1
C0723,33,basic,52,12.22,4,1
C0724,36,standard,20,23.01,1,1
C0725,37,standard,17,28.97,0,1
C0726,46,basic,50,21.9,2,0
C0727,69,standard,48,35.34,1,0
C0728,39,basic,60,26.9,2,0
C0729,51,premium,68,37.09,1,0
C0730,37,standard,20,44.59,2,1
C0731,45,basic,38,24.2,2,0
C0732,50,standard,55,30.32,1,0
C0733,40,standard,33,34.63,3,1
C0734,47,standard,23,39.64,3,1
C0735,63,basic,39,17.84,2,0
C0736,69,basic,34,18.52,4,0
C0737,23,basic,34,31.78,0,0
C0738,25,basic,2,14.28,1,1
C0739,65,premium,63,42.56,3,0
C0740,62,standard,51,40.11,0,0
C0741,70,basic,3,27.39,0,1
C0742,27,basic,31,20.88,2,0
C0743,37,basic,60,13.69,1,1
C0744,65,premium,57,59.09,1,0
C0745,30,standard,38,34.23,3,1
C0746,58,basic,56,34.48,3,0
C0747,53,standard,38,20.92,1,0
C0748,61,standard,63,25.79,0,1
C0749,53,standard,9,26.69,2,0
C0750,57,basic,45,21.2,1,1
C0751,48,standard,45,30.94,1,0
C0752,56,standard,60,23.27,0,0
C0753,71,premium,47,54.89,3,0
C0754,36,standard,12,36.67,0,1
C0755,24,standard,54,43.57,1,0
C0756,19,standard,46,42.01,1,1
C0757,75,standard,65,20.79,0,0
C0758,25,standard,72,25.59,0,0
C0759,20,basic,72,16.68,0,0
C0760,60,standard,14,37.65,5,1
C0761,71,basic,15,34.36,3,1
C0762,24,premium,72,36.04,0,0
C0763,41,premium,21,53.2,2,0
C0764,73,basic,13,13.85,1,0
C0765,30,basic,57,34.23,3,1
C0766,48,standard,44,27.16,0,0
C0767,44,standard,47,35.73,0,0
C0768,68,standard,30,23.44,1,0
C0769,72,premium,67,54.86,1,1
C0770,18,basic,67,33.58,0,0
C0771,28,premium,56,36.53,3,0
C0772,75,standard,8,44.43,7,1
C0773,36,premium,54,45.04,2,0
C0774,65,basic,41,32.72,0,0
C0775,27,standard,52,31.14,0,0
C0776,59,standard,57,37.43,4,0
C0777,30,basic,39,12.1,1,1
C0778,74,standard,17,33.0,1,1
C0779,37,standard,67,28.51,2,1
C0780,52,premium,34,41.02,3,0
C0781,25,premium,8,56.03,0,0
C0782,66,basic,16,21.21,2,1
C0783,33,basic,69,31.1,0,0
C0784,70,standard,18,37.85,1,1
C0785,55,basic,25,30.56,1,1
C0786,71,standard,53,22.04,0,0
C0787,46,basic,10,19.22,1,1
C0788,43,standard,34,34.6,2,0
C0789,49,standard,54,40.59,0,0
C0790,26,standard,66,41.57,0,0
C0791,65,basic,21,33.59,1,0
C0792,44,standard,15,23.01,2,1
C0793,41,basic,40,34.77,1,0
C0794,27,standard,54,21.21,4,0
C0795,70,basic,63,10.04,1,1
C0796,48,basic,40,24.13,4,0
C0797,64,basic,17,29.04,1,1
C0798,46,basic,20,31.65,1,0
C0799,44,standard,50,25.81,1,0
C0800,74,premium,57,53.39,2,0
C0801,54,standard,40,34.02,0,0
C0802,57,basic,70,24.41,0,0
C0803,48,basic,65,32.41,0,0
C0804,19,basic,36,29.66,0,0
C0805,46,premium,11,55.16,2,1
C0806,73,basic,3,18.49,0,1
C0807,42,standard,33,22.27,6,1
C0808,29,basic,33,29.2,0,0
C0809,21,standard,42,24.53,2,1
C0810,27,basic,53,32.32,0,0
C0811,21,premium,26,40.98,2,1
C0812,50,standard,50,43.72,0,0
C0813,22,standard,62,20.71,2,0
C0814,53,basic,13,16.15,2,1
C0815,44,basic,58,12.09,2,1
C0816,41,premium,70,59.62,3,0
C0817,53,basic,58,11.03,3,0
C0818,59,standard,22,20.0,5,1
C0819,71,standard,49,44.97,3,1
C0820,36,standard,6,24.03,1,1
C0821,62,basic,16,30.75,2,0
C0822,31,premium,65,58.93,1,0
C0823,34,basic,58,16.82,2,1
C0824,56,basic,43,10.39,2,0
C0825,48,basic,1,32.53,2,1
C0826,63,premium,63,54.05,1,0
C0827,22,standard,69,20.76,3,0
C0828,40,standard,49,40.68,1,1
C0829,62,standard,2,23.11,1,1
C0830,65,basic,3,28.95,2,1
C0831,70,basic,39,30.2,0,0
C0832,20,premium,36,47.31,2,0
C0833,70,basic,51,12.76,0,0
C0834,30,basic,23,11.62,0,1
C0835,54,basic,30,32.02,2,1
C0836,19,standard,69,35.35,2,0
C0837,45,basic,7,31.34,1,0
C0838,25,basic,67,21.65,1,0
C0839,32,premium,7,41.94,1,1
C0840,30,basic,43,12.04,2,1
C0841,62,standard,55,43.93,4,1
C0842,22,basic,13,10.69,1,1
C0843,39,standard,33,26.17,1,0
C0844,70,standard,43,32.98,0,1
C0845,46,standard,13,35.62,2,1
C0846,20,basic,49,17.82,3,1
C0847,69,basic,57,11.36,2,0
C0848,21,basic,72,11.3,3,0
C0849,44,standard,30,41.6,3,1
C0850,47,basic,55,31.99,2,1
C0851,68,premium,4,46.34,1,1
C0852,56,basic,9,24.81,3,0
C0853,50,basic,33,18.87,1,0
C0854,26,basic,6,11.5,1,1
C0855,66,premium,46,42.77,4,0
C0856,37,basic,44,17.27,6,1
C0857,27,standard,8,25.92,3,1
C0858,40,basic,26,34.4,2,1
C0859,30,basic,61,27.36,7,1
C0860,55,basic,43,25.39,1,1
C0861,68,basic,6,22.39,4,1
C0862,47,standard,28,25.97,3,0
C0863,65,basic,49,15.12,0,0
C0864,22,basic,46,10.74,0,0
C0865,55,basic,47,11.09,0,0
C0866,74,basic,34,27.96,1,0
C0867,19,basic,23,31.06,4,1
C0868,42,standard,15,28.45,0,1
C0869,41,basic,22,33.52,6,0
C0870,74,premium,9,37.95,4,1
C0871,52,basic,49,27.35,1,0
C0872,20,standard,25,41.35,0,1
C0873,58,basic,36,31.81,4,0
C0874,31,premium,11,54.61,3,1
C0875,42,basic,66,19.35,1,0
C0876,51,standard,62,37.88,1,0
C0877,68,basic,5,15.17,4,1
C0878,31,basic,40,20.62,1,1
C0879,34,standard,71,22.11,3,0
C0880,32,standard,6,31.62,2,1
C0881,44,basic,48,30.1,1,0
C0882,32,basic,34,26.12,1,1
C0883,50,standard,70,36.08,3,0
C0884,22,basic,47,10.95,0,1
C0885,37,basic,36,14.76,2,1
C0886,63,premium,70,57.8,0,0
C0887,68,standard,52,43.64,3,0
C0888,59,basic,66,34.72,5,0
C0889,64,basic,27,21.85,1,0
C0890,64,standard,60,28.51,0,0
C0891,62,basic,54,15.23,1,0
C0892,54,basic,17,17.63,3,1
C0893,40,standard,44,25.63,1,0
C0894,62,standard,69,27.48,2,0
C0895,26,basic,20,34.42,7,1
C0896,56,standard,51,44.49,0,0
C0897,30,standard,61,22.71,2,0
C0898,23,premium,22,37.6,2,1
C0899,49,standard,4,24.66,0,0
C0900,32,basic,38,26.48,0,1
C0901,28,standard,42,41.48,1,1
C0902,52,basic,54,21.95,0,0
C0903,26,premium,27,42.73,3,0
C0904,54,basic,40,24.68,1,0
C0905,18,basic,19,21.13,3,1
C0906,39,basic,63,21.5,2,0
C0907,74,basic,59,18.66,3,0
C0908,70,basic,23,20.37,0,0
C0909,42,basic,24,27.45,0,0
C0910,74,basic,21,16.83,2,1
C0911,62,premium,28,57.71,1,0
C0912,41,basic,10,28.87,1,0
C0913,28,basic,33,15.17,0,1
C0914,61,standard,60,29.52,3,0
C0915,18,basic,33,12.86,4,1
C0916,49,standard,60,21.7,1,0
C0917,26,premium,61,55.5,3,1
C0918,24,basic,23,17.34,1,1
C0919,66,basic,2,26.92,0,1
C0920,20,basic,69,15.39,2,0
C0921,59,standard,14,29.76,1,1
C0922,67,basic,49,29.17,5,1
C0923,23,basic,3,20.53,7,1
C0924,60,basic,9,15.5,4,1
C0925,28,standard,22,21.09,1,0
C0926,58,basic,25,25.61,5,1
C0927,32,basic,28,12.64,1,1
C0928,18,standard,50,25.31,0,0
C0929,57,basic,48,11.09,4,1
C0930,49,standard,14,37.8,3,0
C0931,34,standard,13,34.99,7,1
C0932,67,standard,18,28.29,2,0
C0933,72,basic,62,11.68,0,0
C0934,50,basic,30,22.58,2,1
C0935,66,basic,16,17.71,3,1
C0936,21,standard,18,29.35,0,1
C0937,20,basic,31,33.08,2,0
C0938,39,standard,18,26.94,2,0
C0939,44,standard,37,38.75,0,0
C0940,31,basic,70,11.34,4,0
C0941,62,standard,29,35.19,1,1
C0942,18,basic,9,31.74,0,1
C0943,27,standard,27,23.13,0,0
C0944,31,standard,31,32.68,1,0
C0945,30,basic,32,20.59,2,1
C0946,58,standard,26,26.79,3,1
C0947,43,premium,49,39.18,1,0
C0948,66,standard,20,40.48,3,1
C0949,72,basic,11,28.96,5,1
C0950,64,basic,23,16.42,1,1
C0951,56,basic,62,11.79,0,0
C0952,30,basic,1,10.31,1,1
C0953,44,basic,51,34.25,1,0
C0954,55,standard,10,30.21,0,0
C0955,54,basic,21,14.85,1,1
C0956,64,premium,45,47.73,1,0
C0957,59,standard,50,43.15,3,1
C0958,70,basic,47,25.76,2,0
C0959,34,standard,59,43.6,0,0
C0960,60,standard,21,20.3,3,1
C0961,43,premium,11,47.95,0,0
C0962,34,standard,39,32.51,1,0
C0963,64,standard,53,38.8,5,0
C0964,54,basic,45,30.35,0,1
C0965,62,standard,40,20.15,0,0
C0966,67,basic,54,23.11,2,0
C0967,41,basic,24,27.59,0,1
C0968,46,premium,28,39.63,0,1
C0969,34,standard,53,31.01,4,1
C0970,23,standard,38,22.13,0,1
C0971,33,basic,62,22.12,3,1
C0972,18,basic,6,12.41,1,1
C0973,66,standard,35,43.29,1,0
C0974,41,basic,44,34.98,3,0
C0975,42,standard,8,44.37,4,1
C0976,73,basic,52,28.12,4,1
C0977,73,standard,68,26.98,2,0
C0978,57,basic,61,22.86,2,1
C0979,70,standard,42,20.41,1,1
C0980,38,standard,57,25.83,1,0
C0981,40,standard,55,43.47,5,1
C0982,62,standard,13,38.35,0,1
C0983,51,basic,65,10.78,1,1
C0984,53,standard,60,24.19,1,1
C0985,33,standard,32,25.28,3,1
C0986,45,basic,4,14.0,5,1
C0987,32,standard,33,36.64,5,1
C0988,52,standard,63,22.25,2,0
C0989,67,premium,9,51.09,1,0
C0990,42,standard,72,44.15,1,0
C0991,36,basic,12,12.77,1,1
C0992,25,basic,48,13.18,1,0
C0993,37,standard,8,34.74,0,1
C0994,67,basic,47,29.93,5,1
C0995,55,standard,29,22.65,0,0
C0996,70,basic,38,30.92,1,0
C0997,27,standard,5,34.96,1,0
C0998,72,basic,62,25.77,0,0
C0999,21,premium,43,38.81,2,0
C1000,32,premium,7,58.07,3,0
