order_id,order_date,customer_id,city,category,product,quantity,unit_price
1,2025-05-06,C0029,Milano,Electronics,Headphones,2,59.9
2,2025-01-17,C0004,Roma,Electronics,Headphones,2,59.9
3,2025-01-14,C0072,Milano,Books,Novel,2,14.9
4,2025-05-23,C0104,Cagliari,Sports,Running shoes,1,89.9
5,2025-06-24,C0036,Milano,Electronics,Smartwatch,2,149.0
6,2025-07-14,C0013,Napoli,Books,Cookbook,1,22.0
7,2025-01-23,C0094,Torino,Home,Cushion,1,12.5
8,2025-05-31,C0107,Firenze,Electronics,Monitor,1,189.0
9,2025-02-05,C0006,Firenze,Home,Cushion,1,12.5
10,2025-04-30,C0111,Roma,Books,Cookbook,5,22.0
11,2025-07-06,C0021,Napoli,Sports,Yoga mat,1,24.9
12,2025-12-26,C0120,Firenze,Home,Lamp,2,34.9
13,2025-05-06,C0021,Torino,Electronics,Smartwatch,2,149.0
14,2025-11-24,C0089,Bologna,Sports,Yoga mat,5,24.9
15,2025-01-29,C0030,Cagliari,Books,Textbook,1,45.0
16,2025-02-03,C0028,Bologna,Electronics,Keyboard,1,39.5
17,2025-07-22,C0114,Firenze,Home,Lamp,2,34.9
18,2025-05-07,C0096,Bologna,Sports,Running shoes,1,89.9
19,2025-10-26,C0052,Napoli,Home,Cushion,2,12.5
20,2025-02-16,C0097,Roma,Books,Novel,2,14.9
21,2025-12-15,C0055,Bologna,Electronics,Smartwatch,2,149.0
22,2025-08-28,C0068,Napoli,Electronics,Monitor,1,189.0
23,2025-10-02,C0097,Napoli,Electronics,Headphones,2,59.9
24,2025-03-22,C0059,Roma,Home,Lamp,1,34.9
25,2025-09-17,C0117,Roma,Home,Cushion,3,12.5
26,2025-04-12,C0020,Napoli,Home,Cushion,2,12.5
27,2025-09-29,C0118,Roma,Books,Textbook,5,45.0
28,2025-07-05,C0113,Cagliari,Home,Coffee maker,1,79.0
29,2025-10-18,C0011,Roma,Home,Lamp,1,34.9
30,2025-09-30,C0099,Milano,Sports,Running shoes,5,89.9
31,2025-10-09,C0022,Napoli,Books,Textbook,1,45.0
32,2025-12-20,C0026,Firenze,Sports,Running shoes,4,89.9
33,2025-11-29,C0048,Torino,Home,Coffee maker,5,79.0
34,2025-02-02,C0044,Roma,Sports,Running shoes,1,89.9
35,2025-02-06,C0091,Firenze,Books,Textbook,1,45.0
36,2025-01-17,C0111,Napoli,Electronics,Smartwatch,1,149.0
37,2025-09-06,C0028,Bologna,Electronics,Smartwatch,1,149.0
38,2025-10-20,C0074,Torino,Books,Textbook,4,45.0
39,2025-04-08,C0013,Roma,Books,Cookbook,3,22.0
40,2025-08-28,C0111,Firenze,Sports,Yoga mat,1,24.9
41,2025-06-23,C0103,Cagliari,Electronics,Headphones,1,59.9
42,2025-10-02,C0058,Milano,Electronics,Smartwatch,1,149.0
43,2025-05-08,C0112,Roma,Sports,Running shoes,1,89.9
44,2025-11-30,C0070,Cagliari,Sports,Water bottle,1,9.9
45,2025-05-02,C0022,Torino,Electronics,Headphones,4,59.9
46,2025-07-25,C0116,Roma,Sports,Yoga mat,1,24.9
47,2025-07-19,C0034,Cagliari,Books,Cookbook,1,22.0
48,2025-10-12,C0085,Firenze,Sports,Yoga mat,1,24.9
49,2025-04-22,C0008,Bologna,Sports,Running shoes,1,89.9
50,2025-10-27,C0062,Bologna,Electronics,Keyboard,1,39.5
51,2025-02-11,C0109,Milano,Books,Novel,5,14.9
52,2025-05-01,C0052,Roma,Electronics,Headphones,2,59.9
53,2025-11-14,C0011,Torino,Books,Textbook,2,45.0
54,2025-06-10,C0031,Napoli,Home,Coffee maker,1,79.0
55,2025-06-03,C0059,Napoli,Sports,Running shoes,2,89.9
56,2025-10-16,C0013,Roma,Electronics,Headphones,1,59.9
57,2025-06-28,C0113,Roma,Books,Textbook,1,45.0
58,2025-08-13,C0107,Bologna,Books,Cookbook,1,22.0
59,2025-12-01,C0068,Roma,Home,Cushion,5,12.5
60,2025-03-10,C0034,Roma,Home,Cushion,1,12.5
61,2025-11-06,C0027,Firenze,Electronics,Smartwatch,1,149.0
62,2025-05-16,C0065,Torino,Home,Lamp,2,34.9
63,2025-08-05,C0107,Napoli,Home,Lamp,1,34.9
64,2025-03-08,C0082,Napoli,Electronics,Headphones,1,59.9
65,2025-12-28,C0055,Bologna,Books,Textbook,1,45.0
66,2025-12-20,C0116,Milano,Electronics,Headphones,1,59.9
67,2025-03-17,C0056,Milano,Electronics,Keyboard,2,39.5
68,2025-01-21,C0116,Napoli,Electronics,Keyboard,1,39.5
69,2025-02-22,C0046,Cagliari,Books,Textbook,1,45.0
70,2025-05-02,C0111,Milano,Sports,Water bottle,2,9.9
71,2025-06-20,C0101,Torino,Books,Cookbook,1,22.0
72,2025-12-26,C0014,Torino,Books,Cookbook,1,22.0
73,2025-08-24,C0045,Napoli,Electronics,Monitor,1,189.0
74,2025-04-09,C0052,Napoli,Books,Novel,1,14.9
75,2025-05-23,C0045,Firenze,Home,Lamp,5,34.9
76,2025-10-02,C0043,Roma,Sports,Water bottle,5,9.9
77,2025-05-16,C0005,Roma,Electronics,Keyboard,1,39.5
78,2025-06-10,C0056,Bologna,Sports,Yoga mat,2,24.9
79,2025-04-08,C0033,Roma,Electronics,Monitor,4,189.0
80,2025-10-03,C0088,Firenze,Sports,Running shoes,2,89.9
81,2025-12-07,C0118,Napoli,Books,Cookbook,1,22.0
82,2025-06-03,C0065,Napoli,Home,Cushion,3,12.5
83,2025-06-01,C0071,Milano,Sports,Yoga mat,1,24.9
84,2025-07-14,C0087,Firenze,Books,Cookbook,2,22.0
85,2025-07-27,C0071,Cagliari,Books,Textbook,2,45.0
86,2025-08-09,C0101,Bologna,Electronics,Keyboard,1,39.5
87,2025-12-12,C0028,Bologna,Home,Coffee maker,1,79.0
88,2025-02-13,C0037,Bologna,Sports,Water bottle,1,9.9
89,2025-05-01,C0087,Napoli,Home,Lamp,3,34.9
90,2025-01-24,C0032,Torino,Books,Novel,1,14.9
91,2025-11-19,C0074,Milano,Electronics,Monitor,1,189.0
92,2025-03-17,C0084,Firenze,Sports,Yoga mat,1,24.9
93,2025-04-23,C0023,Cagliari,Electronics,Headphones,3,59.9
94,2025-03-04,C0059,Milano,Sports,Running shoes,2,89.9
95,2025-10-14,C0077,Napoli,Sports,Water bottle,2,9.9
96,2025-09-16,C0055,Cagliari,Sports,Water bottle,3,9.9
97,2025-09-01,C0058,Napoli,Sports,Running shoes,,89.9
98,2025-09-24,C0063,Firenze,Books,Textbook,1,45.0
99,2025-05-27,C0031,Napoli,Books,Cookbook,1,22.0
100,2025-02-11,C0018,Milano,Home,Coffee maker,4,79.0
101,2025-12-28,C0028,Roma,Books,Cookbook,2,22.0
102,2025-08-27,C0054,Roma,Sports,Yoga mat,1,24.9
103,2025-10-27,C0090,Roma,Books,Cookbook,1,22.0
104,2025-06-30,C0039,Cagliari,Sports,Yoga mat,1,24.9
105,2025-10-07,C0103,Bologna,Sports,Yoga mat,2,24.9
106,2025-08-12,C0063,Roma,Books,Cookbook,1,22.0
107,2025-07-27,C0093,Milano,Sports,Yoga mat,2,24.9
108,2025-10-01,C0004,Torino,Sports,Running shoes,5,89.9
109,2025-03-11,C0111,Torino,Electronics,Headphones,2,59.9
110,2025-06-17,C0028,Torino,Books,Novel,1,14.9
111,2025-07-14,C0036,Cagliari,Home,Coffee maker,3,79.0
112,2025-08-29,C0003,Firenze,Sports,Yoga mat,3,24.9
113,2025-02-05,C0100,Firenze,Electronics,Keyboard,1,39.5
114,2025-04-13,C0108,Roma,Electronics,Headphones,4,59.9
115,2025-12-09,C0015,Bologna,Books,Novel,1,14.9
116,2025-07-08,C0022,Bologna,Books,Cookbook,2,22.0
117,2025-02-25,C0075,Roma,Electronics,Smartwatch,5,149.0
118,2025-07-12,C0051,Firenze,Home,Cushion,2,12.5
119,2025-11-18,C0032,Roma,Books,Novel,2,14.9
120,2025-03-03,C0102,Bologna,Home,Cushion,2,12.5
121,2025-12-05,C0048,Roma,Electronics,Keyboard,2,39.5
122,2025-09-08,C0014,Torino,Home,Lamp,3,34.9
123,2025-08-24,C0091,Milano,Home,Cushion,4,12.5
124,2025-11-30,C0035,Bologna,Sports,Running shoes,2,89.9
125,2025-10-31,C0035,Napoli,Sports,Yoga mat,1,24.9
126,2025-08-19,C0032,Cagliari,Books,Novel,1,14.9
127,2025-07-14,C0044,Roma,Sports,Water bottle,2,9.9
128,2025-04-19,C0046,Cagliari,Sports,Yoga mat,1,24.9
129,2025-11-02,C0090,Napoli,Home,Coffee maker,1,79.0
130,2025-07-28,C0063,Bologna,Electronics,Smartwatch,1,149.0
131,2025-12-31,C0063,,Books,Textbook,1,45.0
132,2025-07-27,C0089,Milano,Electronics,Headphones,1,59.9
133,2025-08-31,C0071,Bologna,Home,Cushion,2,12.5
134,2025-10-09,C0043,Napoli,Home,Coffee maker,5,79.0
135,2025-04-29,C0016,Firenze,Sports,Yoga mat,1,24.9
136,2025-10-02,C0098,Firenze,Books,Cookbook,1,22.0
137,2025-09-05,C0036,Firenze,Books,Novel,1,14.9
138,2025-06-01,C0030,Napoli,Home,Lamp,3,34.9
139,2025-10-01,C0017,Napoli,Books,Cookbook,1,22.0
140,2025-12-24,C0017,Firenze,Electronics,Headphones,2,59.9
141,2025-10-21,C0037,Torino,Sports,Running shoes,4,89.9
142,2025-01-27,C0033,Cagliari,Sports,Yoga mat,1,24.9
143,2025-07-25,C0063,Roma,Sports,Running shoes,3,89.9
144,2025-10-16,C0039,Roma,Electronics,Smartwatch,1,149.0
145,2025-08-02,C0078,Bologna,Books,Novel,2,14.9
146,2025-08-15,C0039,Cagliari,Books,Textbook,1,45.0
147,2025-01-31,C0079,Firenze,Sports,Yoga mat,2,24.9
148,2025-05-16,C0085,Roma,Electronics,Smartwatch,2,149.0
149,2025-02-08,C0021,Roma,Books,Novel,1,14.9
150,2025-08-29,C0038,Roma,Sports,Yoga mat,2,24.9
151,2025-12-26,C0111,Torino,Books,Cookbook,2,22.0
152,2025-11-17,C0076,Firenze,Electronics,Smartwatch,4,149.0
153,2025-04-26,C0083,Milano,Books,Cookbook,1,22.0
154,2025-03-26,C0102,Napoli,Home,Lamp,1,34.9
155,2025-12-19,C0039,Firenze,Home,Coffee maker,1,79.0
156,2025-09-10,C0057,Roma,Sports,Yoga mat,2,24.9
157,2025-11-06,C0033,Roma,Electronics,Monitor,2,189.0
158,2025-10-22,C0076,Roma,Electronics,Smartwatch,5,149.0
159,2025-03-31,C0061,Bologna,Home,Cushion,1,12.5
160,2025-10-27,C0056,Firenze,Sports,Yoga mat,1,24.9
161,2025-07-29,C0043,Napoli,Sports,Running shoes,1,89.9
162,2025-12-22,C0064,Napoli,Electronics,Smartwatch,1,149.0
163,2025-02-15,C0041,Napoli,Sports,Water bottle,1,9.9
164,2025-07-26,C0111,Bologna,Home,Lamp,5,34.9
165,2025-04-07,C0067,Napoli,Electronics,Monitor,1,189.0
166,2025-01-27,C0027,Napoli,Sports,Water bottle,1,9.9
167,2025-12-24,C0063,Roma,Books,Cookbook,1,22.0
168,2025-06-09,C0071,Roma,Electronics,Smartwatch,2,149.0
169,2025-02-28,C0060,Roma,Sports,Running shoes,1,89.9
170,2025-05-30,C0066,Firenze,Books,Cookbook,4,22.0
171,2025-08-30,C0032,Torino,Home,Coffee maker,3,79.0
172,2025-11-03,C0066,Firenze,Books,Cookbook,1,22.0
173,2025-08-01,C0044,Cagliari,Books,Novel,1,14.9
174,2025-06-02,C0108,Bologna,Home,Lamp,1,34.9
175,2025-09-05,C0045,Napoli,Sports,Running shoes,1,89.9
176,2025-04-07,C0090,Milano,Sports,Yoga mat,4,24.9
177,2025-07-30,C0006,Napoli,Sports,Running shoes,3,89.9
178,2025-07-15,C0050,Firenze,Sports,Water bottle,4,9.9
179,2025-03-06,C0065,Bologna,Books,Cookbook,5,22.0
180,2025-08-14,C0013,Bologna,Home,Lamp,4,34.9
181,2025-07-29,C0112,Firenze,Sports,Running shoes,2,89.9
182,2025-05-16,C0044,Bologna,Books,Novel,1,14.9
183,2025-06-18,C0110,Firenze,Sports,Water bottle,1,9.9
184,2025-09-07,C0112,Bologna,Sports,Yoga mat,2,24.9
185,2025-12-17,C0118,Napoli,Electronics,Headphones,1,59.9
186,2025-02-20,C0098,Firenze,Books,Textbook,1,45.0
187,2025-06-03,C0116,Roma,Electronics,Monitor,1,189.0
188,2025-05-31,C0046,Napoli,Electronics,Keyboard,3,39.5
189,2025-07-30,C0073,Firenze,Sports,Running shoes,1,89.9
190,2025-11-09,C0112,Torino,Books,Novel,1,14.9
191,2025-03-15,C0030,Torino,Books,Cookbook,4,22.0
192,2025-01-05,C0116,Cagliari,Home,Coffee maker,1,79.0
193,2025-03-22,C0010,Torino,Sports,Yoga mat,2,24.9
194,2025-08-06,C0089,Napoli,Home,Cushion,,12.5
195,2025-07-16,C0110,Torino,Sports,Yoga mat,1,24.9
196,2025-07-03,C0074,Napoli,Electronics,Smartwatch,1,149.0
197,2025-12-04,C0051,Napoli,Home,Lamp,5,34.9
198,2025-09-12,C0107,Napoli,Electronics,Headphones,4,59.9
199,2025-04-23,C0082,Milano,Books,Textbook,3,45.0
200,2025-12-04,C0088,Cagliari,Home,Cushion,3,12.5
201,2025-11-18,C0083,Roma,Books,Textbook,1,45.0
202,2025-07-06,C0094,Milano,Home,Coffee maker,1,79.0
203,2025-08-01,C0023,Milano,Electronics,Keyboard,1,39.5
204,2025-07-07,C0068,Bologna,Books,Textbook,4,45.0
205,2025-09-04,C0104,Napoli,Home,Lamp,1,34.9
206,2025-02-08,C0019,Cagliari,Home,Lamp,1,34.9
207,2025-07-23,C0109,Cagliari,Books,Textbook,2,45.0
208,2025-01-08,C0034,Bologna,Home,Lamp,3,34.9
209,2025-12-11,C0034,Bologna,Electronics,Monitor,1,189.0
210,2025-02-25,C0087,Milano,Sports,Water bottle,4,9.9
211,2025-10-15,C0042,Bologna,Sports,Running shoes,2,89.9
212,2025-08-26,C0117,Firenze,Books,Textbook,1,45.0
213,2025-03-13,C0006,Roma,Home,Cushion,1,12.5
214,2025-05-01,C0114,Bologna,Home,Coffee maker,1,79.0
215,2025-12-10,C0096,Firenze,Books,Cookbook,1,22.0
216,2025-03-21,C0114,Torino,Sports,Water bottle,2,9.9
217,2025-05-24,C0005,Firenze,Electronics,Monitor,2,189.0
218,2025-05-01,C0110,Napoli,Home,Lamp,1,34.9
219,2025-11-27,C0046,Roma,Electronics,Keyboard,2,39.5
220,2025-03-04,C0109,Cagliari,Sports,Yoga mat,1,24.9
221,2025-11-25,C0082,Bologna,Sports,Running shoes,2,89.9
222,2025-05-05,C0017,Cagliari,Electronics,Headphones,3,59.9
223,2025-10-11,C0027,Bologna,Books,Novel,3,14.9
224,2025-03-17,C0101,Bologna,Books,Novel,1,14.9
225,2025-03-16,C0017,Bologna,Electronics,Keyboard,3,39.5
226,2025-01-14,C0017,Roma,Home,Lamp,1,34.9
227,2025-01-09,C0023,Napoli,Home,Lamp,2,34.9
228,2025-09-27,C0015,Firenze,Electronics,Smartwatch,2,149.0
229,2025-07-05,C0066,Bologna,Electronics,Monitor,1,189.0
230,2025-11-11,C0006,Firenze,Electronics,Monitor,2,189.0
231,2025-01-16,C0008,Torino,Home,Coffee maker,2,79.0
232,2025-09-09,C0092,Torino,Sports,Yoga mat,2,24.9
233,2025-03-17,C0009,Milano,Electronics,Headphones,1,59.9
234,2025-10-08,C0092,Napoli,Home,Cushion,2,12.5
235,2025-08-21,C0065,Bologna,Sports,Water bottle,2,9.9
236,2025-02-28,C0110,Firenze,Sports,Running shoes,3,89.9
237,2025-04-27,C0053,Napoli,Books,Cookbook,1,22.0
238,2025-02-18,C0041,Torino,Sports,Yoga mat,1,24.9
239,2025-03-20,C0088,Torino,Home,Cushion,1,12.5
240,2025-02-17,C0056,Roma,Electronics,Headphones,3,59.9
241,2025-10-28,C0072,Bologna,Home,Lamp,2,34.9
242,2025-07-01,C0112,Firenze,Home,Cushion,1,12.5
243,2025-05-28,C0077,Napoli,Sports,Water bottle,1,9.9
244,2025-04-19,C0020,Firenze,Home,Lamp,2,34.9
245,2025-06-29,C0109,Bologna,Sports,Running shoes,3,89.9
246,2025-10-21,C0029,Cagliari,Home,Lamp,3,34.9
247,2025-11-15,C0079,Firenze,Sports,Water bottle,5,9.9
248,2025-05-20,C0090,Cagliari,Electronics,Keyboard,1,39.5
249,2025-04-03,C0112,Milano,Home,Coffee maker,1,79.0
250,2025-11-21,C0004,Roma,Sports,Running shoes,1,89.9
251,2025-06-24,C0021,Napoli,Books,Cookbook,1,22.0
252,2025-10-18,C0077,Roma,Home,Cushion,1,12.5
253,2025-11-13,C0007,Firenze,Electronics,Smartwatch,1,149.0
254,2025-08-06,C0063,Bologna,Electronics,Keyboard,1,39.5
255,2025-09-20,C0015,Napoli,Sports,Yoga mat,1,24.9
256,2025-12-14,C0076,Torino,Sports,Running shoes,1,89.9
257,2025-11-03,C0008,Roma,Home,Lamp,1,34.9
258,2025-03-12,C0098,Napoli,Books,Cookbook,4,22.0
259,2025-09-12,C0096,Torino,Home,Coffee maker,1,79.0
260,2025-12-27,C0030,Bologna,Books,Novel,1,14.9
261,2025-01-22,C0056,Roma,Home,Lamp,1,34.9
262,2025-10-22,C0055,,Sports,Running shoes,3,89.9
263,2025-05-29,C0015,Torino,Sports,Water bottle,2,9.9
264,2025-11-13,C0059,Cagliari,Electronics,Keyboard,1,39.5
265,2025-02-24,C0032,Torino,Home,Lamp,1,34.9
266,2025-06-08,C0096,Napoli,Sports,Water bottle,1,9.9
267,2025-02-09,C0066,Firenze,Books,Cookbook,3,22.0
268,2025-06-28,C0045,Firenze,Electronics,Smartwatch,4,149.0
269,2025-05-12,C0026,Milano,Books,Novel,1,14.9
270,2025-11-18,C0064,Torino,Books,Textbook,1,45.0
271,2025-10-17,C0083,Firenze,Sports,Water bottle,4,9.9
272,2025-08-14,C0009,Torino,Home,Cushion,1,12.5
273,2025-05-21,C0076,Roma,Sports,Water bottle,1,9.9
274,2025-08-25,C0058,Roma,Home,Cushion,1,12.5
275,2025-02-09,C0083,Cagliari,Electronics,Keyboard,3,39.5
276,2025-10-11,C0102,Firenze,Electronics,Monitor,1,189.0
277,2025-10-20,C0084,Milano,Electronics,Monitor,4,189.0
278,2025-03-19,C0008,Torino,Home,Cushion,1,12.5
279,2025-02-13,C0065,Firenze,Electronics,Keyboard,5,39.5
280,2025-08-13,C0057,Bologna,Books,Novel,1,14.9
281,2025-05-25,C0050,Torino,Books,Cookbook,1,22.0
282,2025-11-20,C0083,Napoli,Home,Cushion,2,12.5
283,2025-12-14,C0050,Napoli,Electronics,Keyboard,1,39.5
284,2025-11-05,C0112,Milano,Home,Cushion,3,12.5
285,2025-03-14,C0118,Napoli,Home,Lamp,2,34.9
286,2025-07-20,C0017,Bologna,Home,Cushion,2,12.5
287,2025-11-26,C0102,Napoli,Electronics,Keyboard,2,39.5
288,2025-12-17,C0117,Bologna,Books,Textbook,2,45.0
289,2025-01-10,C0047,Napoli,Electronics,Monitor,2,189.0
290,2025-09-06,C0025,Milano,Books,Novel,1,14.9
291,2025-02-21,C0065,Cagliari,Books,Novel,,14.9
292,2025-11-13,C0017,Bologna,Electronics,Keyboard,4,39.5
293,2025-12-21,C0099,Bologna,Sports,Running shoes,1,89.9
294,2025-07-30,C0047,Firenze,Books,Textbook,1,45.0
295,2025-08-18,C0030,Bologna,Books,Cookbook,2,22.0
296,2025-08-29,C0116,Cagliari,Books,Cookbook,5,22.0
297,2025-10-20,C0057,Torino,Books,Cookbook,2,22.0
298,2025-08-03,C0021,Cagliari,Home,Coffee maker,2,79.0
299,2025-05-09,C0007,Firenze,Books,Textbook,1,45.0
300,2025-02-22,C0092,Cagliari,Sports,Yoga mat,2,24.9
301,2025-03-24,C0035,Torino,Electronics,Keyboard,1,39.5
302,2025-04-24,C0105,Torino,Books,Cookbook,1,22.0
303,2025-07-22,C0065,Napoli,Home,Lamp,1,34.9
304,2025-07-11,C0029,Roma,Books,Cookbook,5,22.0
305,2025-11-29,C0043,Cagliari,Home,Lamp,3,34.9
306,2025-08-30,C0090,Cagliari,Books,Novel,1,14.9
307,2025-11-12,C0001,Roma,Books,Textbook,1,45.0
308,2025-03-18,C0071,Firenze,Electronics,Keyboard,1,39.5
309,2025-05-02,C0039,Roma,Sports,Running shoes,3,89.9
310,2025-11-15,C0059,Roma,Electronics,Smartwatch,1,149.0
311,2025-01-09,C0081,Bologna,Electronics,Monitor,2,189.0
312,2025-08-08,C0001,Bologna,Books,Textbook,1,45.0
313,2025-04-06,C0086,Firenze,Home,Lamp,2,34.9
314,2025-09-27,C0070,Bologna,Electronics,Keyboard,1,39.5
315,2025-01-23,C0082,Torino,Electronics,Monitor,4,189.0
316,2025-07-02,C0101,Roma,Home,Coffee maker,2,79.0
317,2025-11-18,C0014,Cagliari,Home,Lamp,2,34.9
318,2025-10-07,C0044,Cagliari,Home,Lamp,1,34.9
319,2025-12-23,C0062,Firenze,Books,Textbook,1,45.0
320,2025-08-23,C0005,Napoli,Books,Novel,1,14.9
321,2025-01-22,C0041,Napoli,Books,Novel,3,14.9
322,2025-01-19,C0097,Firenze,Sports,Water bottle,1,9.9
323,2025-01-25,C0111,Firenze,Books,Cookbook,1,22.0
324,2025-07-08,C0056,Torino,Home,Coffee maker,1,79.0
325,2025-04-06,C0064,Firenze,Sports,Yoga mat,1,24.9
326,2025-09-23,C0035,Cagliari,Sports,Yoga mat,4,24.9
327,2025-11-05,C0106,Milano,Electronics,Monitor,1,189.0
328,2025-06-17,C0085,Napoli,Home,Coffee maker,1,79.0
329,2025-08-07,C0022,Firenze,Home,Coffee maker,2,79.0
330,2025-06-30,C0079,Torino,Sports,Yoga mat,1,24.9
331,2025-01-30,C0010,Firenze,Home,Cushion,5,12.5
332,2025-12-14,C0021,Roma,Sports,Yoga mat,2,24.9
333,2025-08-13,C0005,Milano,Books,Textbook,2,45.0
334,2025-07-07,C0047,Torino,Electronics,Smartwatch,3,149.0
335,2025-07-09,C0048,Torino,Electronics,Smartwatch,2,149.0
336,2025-07-23,C0041,Firenze,Electronics,Smartwatch,2,149.0
337,2025-01-14,C0095,Milano,Home,Lamp,5,34.9
338,2025-10-15,C0016,Napoli,Sports,Water bottle,1,9.9
339,2025-11-10,C0037,Firenze,Home,Cushion,1,12.5
340,2025-02-07,C0058,Milano,Sports,Running shoes,1,89.9
341,2025-06-13,C0086,Napoli,Sports,Running shoes,3,89.9
342,2025-03-22,C0092,Firenze,Electronics,Keyboard,4,39.5
343,2025-03-04,C0026,Cagliari,Books,Cookbook,2,22.0
344,2025-01-14,C0047,Bologna,Books,Novel,3,14.9
345,2025-10-10,C0017,Bologna,Home,Coffee maker,3,79.0
346,2025-09-03,C0068,Torino,Electronics,Headphones,1,59.9
347,2025-06-12,C0083,Roma,Sports,Water bottle,1,9.9
348,2025-06-26,C0017,Cagliari,Sports,Yoga mat,2,24.9
349,2025-01-29,C0107,Roma,Books,Novel,1,14.9
350,2025-06-15,C0120,Firenze,Books,Cookbook,1,22.0
351,2025-09-23,C0115,Napoli,Books,Cookbook,4,22.0
352,2025-10-10,C0036,Milano,Electronics,Keyboard,1,39.5
353,2025-09-15,C0083,Milano,Home,Cushion,2,12.5
354,2025-11-06,C0044,Cagliari,Books,Novel,2,14.9
355,2025-11-25,C0099,Bologna,Electronics,Headphones,1,59.9
356,2025-10-20,C0054,Bologna,Home,Cushion,1,12.5
357,2025-10-07,C0038,Firenze,Electronics,Monitor,4,189.0
358,2025-12-17,C0052,Napoli,Home,Coffee maker,1,79.0
359,2025-03-22,C0057,Torino,Sports,Running shoes,2,89.9
360,2025-11-07,C0019,Napoli,Sports,Yoga mat,1,24.9
361,2025-06-26,C0052,Milano,Home,Cushion,5,12.5
362,2025-06-13,C0031,Torino,Home,Cushion,2,12.5
363,2025-03-14,C0013,Roma,Electronics,Keyboard,1,39.5
364,2025-08-03,C0032,Cagliari,Home,Coffee maker,3,79.0
365,2025-06-10,C0025,Cagliari,Books,Cookbook,4,22.0
366,2025-08-28,C0064,Napoli,Books,Cookbook,5,22.0
367,2025-07-21,C0065,Torino,Sports,Running shoes,1,89.9
368,2025-01-25,C0007,Napoli,Books,Novel,2,14.9
369,2025-12-01,C0087,Torino,Sports,Water bottle,4,9.9
370,2025-02-25,C0056,Milano,Home,Cushion,1,12.5
371,2025-07-26,C0047,Roma,Home,Cushion,1,12.5
372,2025-04-10,C0047,Bologna,Sports,Running shoes,2,89.9
373,2025-08-19,C0098,Bologna,Home,Lamp,1,34.9
374,2025-03-02,C0017,Roma,Home,Cushion,2,12.5
375,2025-06-23,C0072,Napoli,Sports,Yoga mat,3,24.9
376,2025-07-25,C0065,Roma,Books,Novel,2,14.9
377,2025-06-20,C0103,Torino,Electronics,Headphones,1,59.9
378,2025-09-21,C0018,Napoli,Sports,Running shoes,2,89.9
379,2025-11-12,C0095,Cagliari,Home,Lamp,1,34.9
380,2025-09-18,C0069,Torino,Home,Cushion,1,12.5
381,2025-07-08,C0043,Firenze,Home,Coffee maker,3,79.0
382,2025-12-19,C0081,Roma,Electronics,Monitor,2,189.0
383,2025-10-24,C0074,Milano,Sports,Yoga mat,5,24.9
384,2025-11-19,C0093,Bologna,Electronics,Monitor,1,189.0
385,2025-05-05,C0005,Bologna,Sports,Running shoes,3,89.9
386,2025-06-10,C0054,Milano,Electronics,Smartwatch,1,149.0
387,2025-09-14,C0100,Bologna,Sports,Water bottle,1,9.9
388,2025-12-28,C0018,Bologna,Sports,Water bottle,,9.9
389,2025-12-06,C0062,Bologna,Books,Textbook,1,45.0
390,2025-08-24,C0117,Bologna,Sports,Yoga mat,5,24.9
391,2025-12-15,C0083,Cagliari,Home,Cushion,1,12.5
392,2025-05-07,C0036,Bologna,Home,Cushion,1,12.5
393,2025-06-02,C0099,,Home,Lamp,4,34.9
394,2025-06-12,C0062,Napoli,Books,Textbook,2,45.0
395,2025-12-13,C0070,Torino,Home,Coffee maker,1,79.0
396,2025-03-16,C0038,Roma,Sports,Yoga mat,5,24.9
397,2025-08-15,C0084,Napoli,Home,Cushion,1,12.5
398,2025-10-03,C0035,Bologna,Sports,Running shoes,1,89.9
399,2025-10-28,C0031,Milano,Home,Lamp,1,34.9
400,2025-01-27,C0013,Torino,Electronics,Smartwatch,2,149.0
401,2025-12-15,C0099,Milano,Home,Cushion,1,12.5
402,2025-09-01,C0062,Firenze,Electronics,Smartwatch,1,149.0
403,2025-11-27,C0008,Cagliari,Books,Cookbook,1,22.0
404,2025-01-20,C0117,Milano,Electronics,Smartwatch,2,149.0
405,2025-01-19,C0108,Torino,Sports,Running shoes,4,89.9
406,2025-05-29,C0113,Roma,Sports,Running shoes,4,89.9
407,2025-02-24,C0119,Napoli,Electronics,Keyboard,2,39.5
408,2025-10-06,C0068,Torino,Home,Coffee maker,5,79.0
409,2025-04-09,C0104,Roma,Books,Textbook,1,45.0
410,2025-11-28,C0033,Firenze,Home,Lamp,2,34.9
411,2025-06-01,C0073,Firenze,Books,Novel,2,14.9
412,2025-11-24,C0115,Torino,Books,Novel,2,14.9
413,2025-07-25,C0086,Roma,Sports,Water bottle,1,9.9
414,2025-05-08,C0001,Napoli,Books,Novel,1,14.9
415,2025-05-17,C0043,Napoli,Sports,Running shoes,1,89.9
416,2025-12-21,C0031,Roma,Electronics,Keyboard,2,39.5
417,2025-07-27,C0088,Bologna,Electronics,Monitor,1,189.0
418,2025-06-01,C0048,Bologna,Home,Cushion,1,12.5
419,2025-09-02,C0020,Torino,Books,Novel,5,14.9
420,2025-08-30,C0097,Bologna,Home,Coffee maker,2,79.0
421,2025-11-02,C0112,Cagliari,Books,Novel,2,14.9
422,2025-07-05,C0010,Bologna,Electronics,Monitor,2,189.0
423,2025-09-16,C0026,Bologna,Electronics,Headphones,3,59.9
424,2025-09-24,C0057,Roma,Books,Novel,1,14.9
425,2025-02-16,C0116,Bologna,Books,Textbook,2,45.0
426,2025-09-20,C0054,Torino,Sports,Running shoes,1,89.9
427,2025-06-07,C0093,Roma,Electronics,Monitor,2,189.0
428,2025-04-22,C0075,Roma,Sports,Yoga mat,3,24.9
429,2025-02-02,C0070,Roma,Electronics,Monitor,1,189.0
430,2025-07-29,C0024,Cagliari,Electronics,Monitor,1,189.0
431,2025-11-27,C0054,Napoli,Books,Textbook,5,45.0
432,2025-07-13,C0049,Roma,Sports,Yoga mat,3,24.9
433,2025-03-02,C0023,Bologna,Books,Textbook,3,45.0
434,2025-04-25,C0107,Roma,Sports,Water bottle,1,9.9
435,2025-10-06,C0055,Bologna,Electronics,Keyboard,1,39.5
436,2025-06-27,C0020,Napoli,Sports,Running shoes,1,89.9
437,2025-01-17,C0104,Firenze,Books,Textbook,3,45.0
438,2025-01-09,C0031,Milano,Sports,Water bottle,3,9.9
439,2025-08-17,C0077,Firenze,Electronics,Headphones,2,59.9
440,2025-07-25,C0057,Milano,Electronics,Smartwatch,2,149.0
441,2025-05-29,C0030,Cagliari,Books,Novel,1,14.9
442,2025-12-11,C0105,Napoli,Home,Cushion,2,12.5
443,2025-12-05,C0067,Milano,Books,Cookbook,4,22.0
444,2025-10-13,C0076,Firenze,Sports,Yoga mat,1,24.9
445,2025-10-12,C0064,Roma,Books,Textbook,2,45.0
446,2025-09-26,C0041,Firenze,Home,Cushion,2,12.5
447,2025-07-12,C0024,Cagliari,Sports,Yoga mat,1,24.9
448,2025-06-03,C0110,Firenze,Sports,Running shoes,3,89.9
449,2025-10-15,C0053,Torino,Books,Cookbook,4,22.0
450,2025-04-15,C0043,Firenze,Books,Cookbook,1,22.0
451,2025-02-17,C0069,Firenze,Electronics,Monitor,3,189.0
452,2025-12-11,C0078,Bologna,Books,Novel,1,14.9
453,2025-10-28,C0093,Firenze,Electronics,Headphones,1,59.9
454,2025-06-20,C0039,Roma,Books,Cookbook,1,22.0
455,2025-03-02,C0096,Cagliari,Books,Novel,5,14.9
456,2025-12-27,C0027,Torino,Sports,Running shoes,2,89.9
457,2025-05-25,C0049,Torino,Books,Textbook,1,45.0
458,2025-09-20,C0113,Torino,Home,Coffee maker,1,79.0
459,2025-08-29,C0098,Cagliari,Sports,Running shoes,3,89.9
460,2025-07-31,C0006,Bologna,Home,Lamp,1,34.9
461,2025-05-14,C0071,Bologna,Books,Textbook,1,45.0
462,2025-06-18,C0030,Torino,Sports,Yoga mat,1,24.9
463,2025-12-17,C0044,Napoli,Books,Cookbook,2,22.0
464,2025-09-09,C0059,Milano,Sports,Water bottle,2,9.9
465,2025-10-07,C0063,Milano,Home,Lamp,1,34.9
466,2025-02-08,C0105,Firenze,Electronics,Headphones,3,59.9
467,2025-11-19,C0030,Roma,Electronics,Headphones,1,59.9
468,2025-08-22,C0048,Roma,Books,Novel,1,14.9
469,2025-01-04,C0069,Bologna,Sports,Water bottle,1,9.9
470,2025-05-21,C0069,Napoli,Sports,Running shoes,1,89.9
471,2025-04-02,C0014,Roma,Electronics,Monitor,3,189.0
472,2025-09-27,C0033,Cagliari,Books,Novel,1,14.9
473,2025-02-10,C0048,Torino,Home,Coffee maker,3,79.0
474,2025-12-23,C0029,Napoli,Sports,Water bottle,1,9.9
475,2025-07-14,C0049,Bologna,Electronics,Headphones,1,59.9
476,2025-12-26,C0022,Roma,Sports,Running shoes,2,89.9
477,2025-06-19,C0073,Cagliari,Sports,Yoga mat,2,24.9
478,2025-12-21,C0114,Bologna,Electronics,Headphones,1,59.9
479,2025-02-08,C0088,Napoli,Sports,Yoga mat,1,24.9
480,2025-06-11,C0003,Milano,Electronics,Smartwatch,4,149.0
481,2025-02-09,C0039,Milano,Books,Textbook,3,45.0
482,2025-07-19,C0087,Bologna,Books,Textbook,3,45.0
483,2025-03-13,C0102,Firenze,Home,Coffee maker,3,79.0
484,2025-08-12,C0030,Cagliari,Electronics,Keyboard,1,39.5
485,2025-11-11,C0077,Torino,Electronics,Keyboard,,39.5
486,2025-08-19,C0063,Milano,Home,Lamp,2,34.9
487,2025-08-10,C0024,Firenze,Home,Cushion,4,12.5
488,2025-06-01,C0103,Milano,Sports,Running shoes,3,89.9
489,2025-07-14,C0092,Cagliari,Electronics,Headphones,1,59.9
490,2025-07-04,C0014,Roma,Books,Textbook,1,45.0
491,2025-05-19,C0014,Milano,Electronics,Keyboard,1,39.5
492,2025-10-13,C0072,Bologna,Electronics,Smartwatch,1,149.0
493,2025-07-01,C0071,Roma,Sports,Running shoes,1,89.9
494,2025-07-31,C0050,Cagliari,Home,Coffee maker,1,79.0
495,2025-03-28,C0088,Torino,Electronics,Smartwatch,2,149.0
496,2025-05-18,C0064,Milano,Books,Novel,1,14.9
497,2025-08-04,C0039,Torino,Electronics,Smartwatch,1,149.0
498,2025-05-07,C0093,Firenze,Electronics,Keyboard,1,39.5
499,2025-08-23,C0014,Milano,Sports,Water bottle,2,9.9
500,2025-06-20,C0108,Bologna,Home,Lamp,4,34.9
501,2025-08-09,C0105,Cagliari,Sports,Yoga mat,1,24.9
502,2025-12-22,C0026,Torino,Books,Cookbook,1,22.0
503,2025-06-13,C0038,Firenze,Home,Lamp,5,34.9
504,2025-06-16,C0049,Napoli,Sports,Water bottle,3,9.9
505,2025-10-16,C0026,Bologna,Sports,Yoga mat,1,24.9
506,2025-01-14,C0094,Torino,Books,Textbook,3,45.0
507,2025-12-21,C0009,Cagliari,Books,Cookbook,3,22.0
508,2025-11-21,C0039,Milano,Sports,Water bottle,1,9.9
509,2025-08-05,C0102,Torino,Home,Cushion,1,12.5
510,2025-09-03,C0075,Torino,Electronics,Monitor,5,189.0
511,2025-07-04,C0090,Cagliari,Sports,Water bottle,1,9.9
512,2025-12-03,C0086,Napoli,Electronics,Headphones,3,59.9
513,2025-10-16,C0083,Firenze,Books,Textbook,2,45.0
514,2025-08-09,C0014,Roma,Sports,Yoga mat,5,24.9
515,2025-09-23,C0072,Bologna,Electronics,Keyboard,1,39.5
516,2025-08-26,C0099,Firenze,Books,Cookbook,1,22.0
517,2025-09-05,C0014,Napoli,Books,Cookbook,5,22.0
518,2025-03-14,C0045,Napoli,Sports,Running shoes,1,89.9
519,2025-09-24,C0062,Napoli,Home,Coffee maker,3,79.0
520,2025-12-23,C0058,Napoli,Sports,Running shoes,1,89.9
521,2025-12-30,C0015,Roma,Electronics,Keyboard,1,39.5
522,2025-03-26,C0120,Firenze,Home,Cushion,1,12.5
523,2025-03-23,C0043,Bologna,Books,Textbook,1,45.0
524,2025-07-27,C0081,,Sports,Yoga mat,1,24.9
525,2025-07-22,C0004,Firenze,Books,Textbook,2,45.0
526,2025-07-19,C0001,Firenze,Books,Cookbook,2,22.0
527,2025-12-27,C0104,Cagliari,Books,Novel,1,14.9
528,2025-10-02,C0024,Napoli,Electronics,Headphones,3,59.9
529,2025-05-15,C0086,Cagliari,Home,Lamp,1,34.9
530,2025-06-10,C0077,Torino,Sports,Water bottle,5,9.9
531,2025-06-30,C0109,Torino,Sports,Water bottle,1,9.9
532,2025-06-02,C0118,Bologna,Books,Textbook,2,45.0
533,2025-05-03,C0040,Roma,Electronics,Smartwatch,1,149.0
534,2025-09-19,C0050,Torino,Books,Cookbook,2,22.0
535,2025-04-06,C0063,Firenze,Books,Textbook,1,45.0
536,2025-05-28,C0018,Milano,Books,Textbook,1,45.0
537,2025-07-03,C0002,Torino,Home,Coffee maker,2,79.0
538,2025-10-15,C0065,Firenze,Books,Novel,3,14.9
539,2025-08-01,C0091,Cagliari,Sports,Yoga mat,2,24.9
540,2025-10-17,C0004,Cagliari,Sports,Yoga mat,1,24.9
541,2025-04-26,C0069,Napoli,Books,Cookbook,1,22.0
542,2025-09-11,C0071,Bologna,Books,Cookbook,2,22.0
543,2025-10-06,C0106,Napoli,Electronics,Headphones,1,59.9
544,2025-08-06,C0014,Firenze,Electronics,Monitor,2,189.0
545,2025-01-17,C0058,Napoli,Books,Cookbook,4,22.0
546,2025-03-02,C0100,Cagliari,Home,Lamp,1,34.9
547,2025-10-29,C0089,Napoli,Books,Novel,3,14.9
548,2025-04-16,C0105,Milano,Sports,Running shoes,2,89.9
549,2025-11-02,C0069,Milano,Electronics,Keyboard,2,39.5
550,2025-10-21,C0035,Cagliari,Home,Cushion,1,12.5
551,2025-07-30,C0118,Roma,Electronics,Smartwatch,5,149.0
552,2025-03-09,C0032,Milano,Home,Cushion,1,12.5
553,2025-12-13,C0051,Torino,Home,Lamp,3,34.9
554,2025-11-18,C0054,Torino,Books,Textbook,2,45.0
555,2025-02-17,C0052,Bologna,Sports,Running shoes,2,89.9
556,2025-07-08,C0059,Torino,Home,Cushion,4,12.5
557,2025-02-17,C0094,Torino,Home,Cushion,1,12.5
558,2025-07-23,C0028,Torino,Home,Lamp,3,34.9
559,2025-05-26,C0044,Bologna,Books,Cookbook,1,22.0
560,2025-06-25,C0115,Firenze,Books,Textbook,3,45.0
561,2025-08-24,C0003,Roma,Electronics,Headphones,1,59.9
562,2025-08-08,C0026,Firenze,Books,Cookbook,1,22.0
563,2025-05-21,C0012,Firenze,Books,Textbook,1,45.0
564,2025-12-07,C0116,Firenze,Home,Coffee maker,1,79.0
565,2025-06-06,C0093,Firenze,Books,Novel,1,14.9
566,2025-12-27,C0013,Roma,Books,Cookbook,2,22.0
567,2025-10-31,C0029,Bologna,Books,Cookbook,1,22.0
568,2025-06-25,C0105,Roma,Sports,Running shoes,1,89.9
569,2025-02-06,C0030,Torino,Sports,Water bottle,1,9.9
570,2025-07-08,C0113,Napoli,Electronics,Headphones,1,59.9
571,2025-03-10,C0083,Firenze,Books,Cookbook,3,22.0
572,2025-01-05,C0079,Firenze,Books,Novel,2,14.9
573,2025-04-20,C0081,Firenze,Books,Cookbook,1,22.0
574,2025-08-15,C0111,Milano,Books,Cookbook,2,22.0
575,2025-03-05,C0076,Firenze,Electronics,Headphones,1,59.9
576,2025-06-11,C0102,Milano,Sports,Yoga mat,5,24.9
577,2025-05-08,C0071,Bologna,Books,Cookbook,2,22.0
578,2025-12-04,C0113,Napoli,Home,Cushion,1,12.5
579,2025-04-07,C0096,Torino,Books,Textbook,2,45.0
580,2025-05-03,C0064,Torino,Home,Cushion,1,12.5
581,2025-11-01,C0010,Bologna,Electronics,Smartwatch,1,149.0
582,2025-03-09,C0050,Cagliari,Electronics,Keyboard,,39.5
583,2025-03-30,C0098,Torino,Sports,Yoga mat,2,24.9
584,2025-01-08,C0034,Milano,Electronics,Headphones,2,59.9
585,2025-07-23,C0065,Napoli,Electronics,Headphones,4,59.9
586,2025-02-12,C0082,Bologna,Sports,Yoga mat,2,24.9
587,2025-02-10,C0066,Milano,Books,Cookbook,1,22.0
588,2025-10-28,C0082,Cagliari,Books,Textbook,1,45.0
589,2025-05-03,C0008,Milano,Electronics,Keyboard,2,39.5
590,2025-11-10,C0078,Roma,Electronics,Monitor,1,189.0
591,2025-03-31,C0016,Roma,Home,Cushion,2,12.5
592,2025-09-12,C0045,Bologna,Books,Textbook,1,45.0
593,2025-05-18,C0094,Roma,Home,Lamp,1,34.9
594,2025-05-20,C0068,Roma,Electronics,Keyboard,3,39.5
595,2025-11-18,C0010,Torino,Home,Cushion,5,12.5
596,2025-09-13,C0110,Bologna,Sports,Water bottle,1,9.9
597,2025-02-22,C0115,Bologna,Books,Cookbook,1,22.0
598,2025-01-02,C0006,Cagliari,Electronics,Smartwatch,2,149.0
599,2025-07-06,C0050,Milano,Electronics,Smartwatch,1,149.0
600,2025-12-02,C0054,Milano,Books,Novel,2,14.9
